pais,poblacion,tasa_dependencia
Alemania,83.783945,36.48580329
México,128.932753,13.16815239
